Procesos, Tiempo
25,4.006385803222656e-05
50,4.0383338928222655e-05
100,4.9979686737060546e-05
150,2.6617050170898438e-05
200,2.0015239715576173e-05